SUMLEV,STATE,COUNTY,PLACE,COUSUB,CONCIT,PRIMGEO_FLAG,FUNCSTAT,NAME,STNAME,CENSUS2010POP,ESTIMATESBASE2010,POPESTIMATE2010,POPESTIMATE2011,POPESTIMATE2012,POPESTIMATE2013,POPESTIMATE2014,POPESTIMATE2015,POPESTIMATE2016,POPESTIMATE2017,POPESTIMATE2018
040,08,000,00000,00000,00000,0,A,Colorado,Colorado,5029196,5029316,5048281,5121771,5193721,5270482,5351218,5452107,5540921,5615902,5695564
162,08,000,00760,00000,00000,0,A,Aguilar town,Colorado,538,538,534,517,513,485,469,468,470,476,484
162,08,000,00925,00000,00000,0,A,Akron town,Colorado,1702,1702,1705,1685,1664,1677,1671,1688,1704,1734,1723
162,08,000,01090,00000,00000,0,A,Alamosa city,Colorado,8780,8855,9314,9425,9434,9511,9562,9682,9769,9881,9997
162,08,000,01530,00000,00000,0,A,Alma town,Colorado,270,274,275,272,272,275,279,284,294,304,312
162,08,000,02355,00000,00000,0,A,Antonito town,Colorado,781,781,786,784,778,770,771,752,748,753,753
162,08,000,03235,00000,00000,0,A,Arriba town,Colorado,193,193,193,192,191,192,195,197,200,200,202
162,08,000,03455,00000,00000,0,A,Arvada city,Colorado,106433,106722,106882,108036,110192,111846,113679,115409,117726,118998,120492
162,08,000,03620,00000,00000,0,A,Aspen city,Colorado,6658,6646,6648,6638,6680,6742,6871,7178,7405,7366,7365
162,08,000,03950,00000,00000,0,A,Ault town,Colorado,1519,1532,1538,1554,1574,1597,1628,1654,1718,1786,1843
162,08,000,04000,00000,00000,0,A,Aurora city,Colorado,325078,324675,326073,332627,339080,345276,352391,359679,362941,367255,374114
162,08,000,04110,00000,00000,0,A,Avon town,Colorado,6447,6391,6374,6366,6405,6449,6497,6535,6589,6569,6482
162,08,000,04935,00000,00000,0,A,Basalt town,Colorado,3857,3851,3845,3836,3856,3880,3902,3900,3933,4179,4166
162,08,000,05265,00000,00000,0,A,Bayfield town,Colorado,2333,2324,2346,2377,2426,2477,2515,2554,2608,2679,2705
162,08,000,06090,00000,00000,0,A,Bennett town,Colorado,2308,2302,2310,2345,2380,2413,2440,2475,2489,2479,2512
162,08,000,06255,00000,00000,0,A,Berthoud town,Colorado,5105,5183,5200,5264,5351,5465,5865,6061,6335,6907,7946
162,08,000,06530,00000,00000,0,A,Bethune town,Colorado,237,237,237,240,239,236,237,238,236,234,237
162,08,000,07025,00000,00000,0,A,Black Hawk city,Colorado,118,118,118,117,117,119,123,124,126,127,127
162,08,000,07190,00000,00000,0,A,Blanca town,Colorado,385,385,384,393,390,383,382,379,387,392,397
162,08,000,07410,00000,00000,0,A,Blue River town,Colorado,849,849,851,851,862,871,883,903,921,930,927
162,08,000,07571,00000,00000,0,A,Bonanza town,Colorado,16,16,16,16,17,17,17,17,17,18,19
162,08,000,07795,00000,00000,0,A,Boone town,Colorado,339,339,339,342,343,343,344,349,353,357,362
162,08,000,07850,00000,00000,0,A,Boulder city,Colorado,97385,97640,98512,101115,102169,103640,105482,107793,108288,107895,107353
162,08,000,08070,00000,00000,0,A,Bow Mar town,Colorado,866,844,846,857,872,888,902,923,949,943,946
162,08,000,08345,00000,00000,0,A,Branson town,Colorado,74,74,74,71,72,68,66,66,67,68,69
162,08,000,08400,00000,00000,0,A,Breckenridge town,Colorado,4540,4560,4572,4569,4623,4697,4773,4912,4983,4992,5020
162,08,000,08675,00000,00000,0,A,Brighton city,Colorado,33352,33845,33993,34629,35258,36869,37529,38568,39370,40742,41254
162,08,000,09115,00000,00000,0,A,Brookside town,Colorado,233,233,235,235,242,241,242,244,249,256,260
162,08,000,09280,00000,00000,0,A,Broomfield city,Colorado,55889,55856,56221,57482,58963,60149,61769,64856,66474,68232,69267
162,08,000,09555,00000,00000,0,A,Brush city,Colorado,5463,5471,5485,5516,5470,5451,5414,5420,5365,5365,5384
162,08,000,10105,00000,00000,0,A,Buena Vista town,Colorado,2617,2566,2566,2588,2605,2667,2675,2695,2741,2797,2823
162,08,000,10600,00000,00000,0,A,Burlington city,Colorado,4254,4254,4251,4107,4028,4243,3973,4185,3620,3175,3178
162,08,000,11260,00000,00000,0,A,Calhan town,Colorado,780,780,785,797,805,808,807,811,823,829,834
162,08,000,11645,00000,00000,0,A,Campo town,Colorado,109,109,110,109,107,105,103,102,101,102,103
162,08,000,11810,00000,00000,0,A,Cañon City city,Colorado,16400,16421,16415,16448,16441,16226,16176,16235,16410,16568,16750
162,08,000,12045,00000,00000,0,A,Carbondale town,Colorado,6427,6443,6404,6395,6468,6486,6524,6615,6761,6820,6879
162,08,000,12387,00000,00000,0,A,Castle Pines city,Colorado,A,10333,10369,10450,10582,10638,10687,10630,10551,10478,10507
162,08,000,12415,00000,00000,0,A,Castle Rock town,Colorado,48231,48254,48590,49689,51017,52658,55163,57093,59195,62125,64827
162,08,000,12635,00000,00000,0,A,Cedaredge town,Colorado,2253,2253,2246,2213,2210,2216,2179,2175,2210,2225,2266
162,08,000,12815,00000,00000,0,A,Centennial city,Colorado,100377,100635,100990,102510,104266,106667,107478,109170,109793,110453,110831
162,08,000,12855,00000,00000,0,A,Center town,Colorado,2230,2240,2246,2244,2278,2231,2198,2197,2233,2281,2304
162,08,000,12910,00000,00000,0,A,Central City city,Colorado,663,660,665,658,660,671,706,716,725,733,765
162,08,000,13460,00000,00000,0,A,Cheraw town,Colorado,252,254,254,254,251,251,249,247,247,250,250
162,08,000,13845,00000,00000,0,A,Cherry Hills Village city,Colorado,5987,5987,6014,6124,6248,6381,6472,6591,6672,6654,6650
162,08,000,14175,00000,00000,0,A,Cheyenne Wells town,Colorado,846,846,846,860,866,868,852,839,842,847,853
162,08,000,14765,00000,00000,0,A,City of Creede town,Colorado,290,290,286,288,290,298,285,304,310,310,317
162,08,000,15330,00000,00000,0,A,Coal Creek town,Colorado,343,343,343,343,342,337,336,336,342,345,348
162,08,000,15550,00000,00000,0,A,Cokedale town,Colorado,129,129,128,126,125,119,116,116,116,117,121
162,08,000,15605,00000,00000,0,A,Collbran town,Colorado,708,696,694,697,696,691,688,685,691,696,698
162,08,000,16000,00000,00000,0,A,Colorado Springs city,Colorado,416427,417433,420544,427248,432611,437981,441960,449189,458531,465160,472688
162,08,000,16385,00000,00000,0,A,Columbine Valley town,Colorado,1256,1256,1260,1281,1305,1324,1334,1362,1413,1444,1488
162,08,000,16495,00000,00000,0,A,Commerce City city,Colorado,45913,45905,46172,47557,48582,49797,51551,53245,54631,56063,58449
162,08,000,17375,00000,00000,0,A,Cortez city,Colorado,8482,8492,8507,8489,8490,8521,8510,8554,8654,8712,8721
162,08,000,17760,00000,00000,0,A,Craig city,Colorado,9464,9461,9458,9197,9014,8972,8828,8817,8944,8897,8947
162,08,000,17925,00000,00000,0,A,Crawford town,Colorado,431,428,427,420,419,419,413,410,418,420,424
162,08,000,18310,00000,00000,0,A,Crested Butte town,Colorado,1487,1486,1479,1488,1496,1510,1535,1570,1603,1648,1681
162,08,000,18420,00000,00000,0,A,Crestone town,Colorado,127,127,129,130,132,130,135,136,140,144,146
162,08,000,18530,00000,00000,0,A,Cripple Creek city,Colorado,1189,1234,1239,1232,1234,1223,1222,1206,1235,1254,1267
162,08,000,18640,00000,00000,0,A,Crook town,Colorado,110,110,110,109,109,108,108,108,107,107,108
162,08,000,18750,00000,00000,0,A,Crowley town,Colorado,176,176,178,180,176,172,171,167,167,164,167
162,08,000,19080,00000,00000,0,A,Dacono city,Colorado,4152,4151,4180,4283,4366,4440,4606,4884,5290,5595,5826
162,08,000,19355,00000,00000,0,A,De Beque town,Colorado,504,497,495,498,497,491,490,488,491,497,503
162,08,000,19630,00000,00000,0,A,Deer Trail town,Colorado,546,547,549,557,566,575,585,621,695,702,736
162,08,000,19795,00000,00000,0,A,Del Norte town,Colorado,1686,1686,1691,1671,1659,1629,1602,1579,1577,1572,1563
162,08,000,19850,00000,00000,0,A,Delta city,Colorado,8915,8878,8851,8727,8792,8796,8641,8670,8767,8814,8920
162,08,000,20000,00000,00000,0,A,Denver city,Colorado,600158,599815,603354,620513,635277,649513,664870,683665,696618,705439,716492
162,08,000,20440,00000,00000,0,A,Dillon town,Colorado,904,908,910,908,914,926,937,959,974,979,973
162,08,000,20495,00000,00000,0,A,Dinosaur town,Colorado,339,339,339,329,322,320,317,316,323,324,329
162,08,000,20770,00000,00000,0,A,Dolores town,Colorado,936,939,940,935,933,936,935,941,952,959,958
162,08,000,21265,00000,00000,0,A,Dove Creek town,Colorado,735,718,720,696,663,660,633,624,640,632,630
162,08,000,22035,00000,00000,0,A,Durango city,Colorado,16887,16917,16851,16961,17207,17623,17713,18062,18400,18456,18985
162,08,000,22145,00000,00000,0,A,Eads town,Colorado,609,609,611,617,608,599,591,593,576,586,592
162,08,000,22200,00000,00000,0,A,Eagle town,Colorado,6508,6508,6501,6508,6545,6584,6650,6738,6833,6895,6961
162,08,000,22860,00000,00000,0,A,Eaton town,Colorado,4365,4377,4396,4460,4538,4643,4817,4950,5109,5282,5529
162,08,000,23025,00000,00000,0,A,Eckley town,Colorado,257,257,257,259,257,260,260,256,256,256,258
162,08,000,23135,00000,00000,0,A,Edgewater city,Colorado,5170,5172,5177,5210,5247,5276,5313,5318,5347,5323,5342
162,08,000,23740,00000,00000,0,A,Elizabeth town,Colorado,1358,1349,1351,1348,1348,1360,1377,1393,1386,1404,1416
162,08,000,24620,00000,00000,0,A,Empire town,Colorado,282,282,282,281,281,282,284,289,294,302,303
162,08,000,24785,00000,00000,0,A,Englewood city,Colorado,30255,30259,30367,30801,31322,31771,32618,33096,34228,34467,34690
162,08,000,24950,00000,00000,0,A,Erie town,Colorado,18135,18166,18281,18936,19534,20026,20718,21595,22881,24159,25447
162,08,000,25115,00000,00000,0,A,Estes Park town,Colorado,5858,5921,5940,5994,6073,6130,6186,6264,6354,6333,6352
162,08,000,25280,00000,00000,0,A,Evans city,Colorado,18537,18537,18646,18959,19432,19698,19649,20081,20359,20697,21236
162,08,000,25610,00000,00000,0,A,Fairplay town,Colorado,679,679,683,672,672,681,687,698,718,734,762
162,08,000,26270,00000,00000,0,A,Federal Heights city,Colorado,11467,11472,11520,11717,11914,12144,12316,12527,12701,12802,12845
162,08,000,26600,00000,00000,0,A,Firestone town,Colorado,10147,10209,10309,10668,10958,11244,11606,12092,13030,13974,14860
162,08,000,26765,00000,00000,0,A,Flagler town,Colorado,561,561,560,568,565,559,560,556,553,549,551
162,08,000,26875,00000,00000,0,A,Fleming town,Colorado,408,408,409,405,403,402,403,408,406,406,404
162,08,000,27040,00000,00000,0,A,Florence city,Colorado,3881,3886,3882,3889,3886,3831,3817,3832,3882,3922,3956
162,08,000,27425,00000,00000,0,A,Fort Collins city,Colorado,143986,144855,145267,146602,149390,152462,156458,160605,162583,165099,167830
162,08,000,27700,00000,00000,0,A,Fort Lupton city,Colorado,7377,7400,7428,7505,7595,7669,7772,7845,7953,8249,8275
162,08,000,27810,00000,00000,0,A,Fort Morgan city,Colorado,11315,11362,11392,11483,11394,11363,11277,11296,11310,11318,11359
162,08,000,27865,00000,00000,0,A,Fountain city,Colorado,25846,25932,26140,26618,26994,27833,28274,28750,29331,29793,30454
162,08,000,27975,00000,00000,0,A,Fowler town,Colorado,1182,1182,1184,1182,1169,1156,1148,1138,1137,1142,1144
162,08,000,28105,00000,00000,0,A,Foxfield town,Colorado,685,714,719,732,744,766,775,791,795,789,792
162,08,000,28305,00000,00000,0,A,Fraser town,Colorado,1224,1224,1217,1195,1160,1167,1192,1212,1256,1279,1302
162,08,000,28360,00000,00000,0,A,Frederick town,Colorado,8679,8659,8709,8951,9375,10139,10875,11391,12164,12827,13480
162,08,000,28690,00000,00000,0,A,Frisco town,Colorado,2683,2685,2697,2714,2756,2825,2902,3016,3109,3171,3157
162,08,000,28745,00000,00000,0,A,Fruita city,Colorado,12646,12687,12645,12787,12829,12847,12939,12984,13119,13287,13406
162,08,000,29185,00000,00000,0,A,Garden City town,Colorado,234,250,251,254,256,259,262,264,266,268,265
162,08,000,29680,00000,00000,0,A,Genoa town,Colorado,139,139,139,138,138,138,140,141,144,145,145
162,08,000,29735,00000,00000,0,A,Georgetown town,Colorado,1034,1034,1035,1026,1024,1025,1028,1039,1050,1074,1088
162,08,000,29955,00000,00000,0,A,Gilcrest town,Colorado,1034,1034,1038,1046,1061,1073,1085,1090,1098,1107,1108
162,08,000,30340,00000,00000,0,A,Glendale city,Colorado,4184,4318,4334,4395,4466,4530,5120,5189,5211,5168,5170
162,08,000,30780,00000,00000,0,A,Glenwood Springs city,Colorado,9614,9599,9543,9529,9631,9766,9764,9817,9950,9950,9972
162,08,000,30835,00000,00000,0,A,Golden city,Colorado,18867,18890,19232,19676,19722,19844,20290,20571,20668,21176,21254
162,08,000,31550,00000,00000,0,A,Granada town,Colorado,517,517,517,515,511,508,497,491,490,496,500
162,08,000,31605,00000,00000,0,A,Granby town,Colorado,1864,1845,1840,1820,1866,1902,1930,1972,2042,2077,2098
162,08,000,31660,00000,00000,0,A,Grand Junction city,Colorado,58566,59034,58967,59611,59803,59968,59856,60595,61354,62222,63374
162,08,000,31715,00000,00000,0,A,Grand Lake town,Colorado,471,471,469,463,452,460,475,481,494,500,504
162,08,000,32155,00000,00000,0,A,Greeley city,Colorado,92889,92945,93264,94393,95339,96594,98649,101607,104575,106639,107348
162,08,000,32650,00000,00000,0,A,Green Mountain Falls town,Colorado,640,640,645,655,662,667,669,673,687,691,706
162,08,000,33035,00000,00000,0,A,Greenwood Village city,Colorado,13925,13921,13978,14214,14469,14686,15385,15619,15778,15752,15801
162,08,000,33310,00000,00000,0,A,Grover town,Colorado,137,139,140,141,143,144,146,149,153,154,153
162,08,000,33640,00000,00000,0,A,Gunnison city,Colorado,5854,5822,5883,5788,5868,6048,6099,6202,6314,6474,6594
162,08,000,33695,00000,00000,0,A,Gypsum town,Colorado,6477,6498,6501,6518,6553,6717,6845,6962,7091,7149,7353
162,08,000,34520,00000,00000,0,A,Hartman town,Colorado,81,76,76,76,75,74,73,74,73,74,75
162,08,000,34740,00000,00000,0,A,Haswell town,Colorado,68,68,68,71,69,68,67,68,65,66,67
162,08,000,34960,00000,00000,0,A,Haxtun town,Colorado,946,946,951,939,944,933,936,923,914,916,907
162,08,000,35070,00000,00000,0,A,Hayden town,Colorado,1810,1806,1801,1786,1791,1820,1861,1881,1905,1944,1970
162,08,000,36610,00000,00000,0,A,Hillrose town,Colorado,264,252,253,254,252,253,251,252,251,251,254
162,08,000,37215,00000,00000,0,A,Holly town,Colorado,802,794,794,793,787,786,769,761,762,768,775
162,08,000,37270,00000,00000,0,A,Holyoke city,Colorado,2313,2313,2328,2287,2293,2279,2278,2239,2209,2218,2217
162,08,000,37380,00000,00000,0,A,Hooper town,Colorado,103,103,103,106,103,102,101,102,102,102,101
162,08,000,37545,00000,00000,0,A,Hotchkiss town,Colorado,944,942,939,924,924,924,907,903,915,923,933
162,08,000,37600,00000,00000,0,A,Hot Sulphur Springs town,Colorado,663,672,671,659,644,655,676,684,703,710,716
162,08,000,37820,00000,00000,0,A,Hudson town,Colorado,2356,2354,2360,2375,2531,2550,1567,1580,1588,1660,1838
162,08,000,37875,00000,00000,0,A,Hugo town,Colorado,730,730,730,726,724,722,730,737,741,742,748
162,08,000,38370,00000,00000,0,A,Idaho Springs city,Colorado,1717,1725,1726,1708,1705,1707,1716,1736,1757,1796,1794
162,08,000,38535,00000,00000,0,A,Ignacio town,Colorado,697,857,859,861,864,872,880,885,885,887,888
162,08,000,38590,00000,00000,0,A,Iliff town,Colorado,266,266,266,264,263,263,266,266,264,262,263
162,08,000,39195,00000,00000,0,A,Jamestown town,Colorado,274,274,274,277,282,283,262,267,273,270,268
162,08,000,39855,00000,00000,0,A,Johnstown town,Colorado,9887,9871,9972,10352,10890,11797,12894,13680,14150,14505,14795
162,08,000,39965,00000,00000,0,A,Julesburg town,Colorado,1225,1225,1219,1219,1223,1201,1198,1219,1234,1194,1180
162,08,000,40185,00000,00000,0,A,Keenesburg town,Colorado,1127,1124,1128,1142,1160,1179,1189,1199,1207,1224,1229
162,08,000,40515,00000,00000,0,A,Kersey town,Colorado,1454,1471,1477,1492,1518,1555,1578,1602,1619,1643,1655
162,08,000,40570,00000,00000,0,A,Kim town,Colorado,74,74,74,71,72,68,67,67,67,68,69
162,08,000,40790,00000,00000,0,A,Kiowa town,Colorado,723,719,720,720,721,725,736,745,744,752,757
162,08,000,41010,00000,00000,0,A,Kit Carson town,Colorado,233,233,233,236,237,237,233,229,235,236,238
162,08,000,41560,00000,00000,0,A,Kremmling town,Colorado,1444,1444,1440,1414,1384,1387,1417,1437,1478,1488,1503
162,08,000,41835,00000,00000,0,A,Lafayette city,Colorado,24453,24475,24563,24857,25799,26674,26931,27501,28132,28439,28924
162,08,000,42055,00000,00000,0,A,La Jara town,Colorado,818,823,828,823,815,808,811,791,789,797,803
162,08,000,42110,00000,00000,0,A,La Junta city,Colorado,7077,7081,7119,7110,7031,6960,6916,6859,6857,6990,6998
162,08,000,42330,00000,00000,0,A,Lake City town,Colorado,408,406,407,396,383,384,367,362,374,376,387
162,08,000,42495,00000,00000,0,A,Lakeside town,Colorado,8,8,8,8,8,8,8,8,8,8,8
162,08,000,43000,00000,00000,0,A,Lakewood city,Colorado,142980,142626,142786,144102,145418,146909,149481,152122,154117,155048,156798
162,08,000,43110,00000,00000,0,A,Lamar city,Colorado,7804,7933,7959,7929,7875,7803,7636,7558,7551,7602,7656
162,08,000,43550,00000,00000,0,A,Larkspur town,Colorado,183,183,184,187,191,191,192,195,198,201,205
162,08,000,43605,00000,00000,0,A,La Salle town,Colorado,1955,1957,1965,1985,2005,2031,2054,2067,2142,2351,2346
162,08,000,43660,00000,00000,0,A,Las Animas city,Colorado,2410,2410,2408,2360,2315,2251,2182,2211,2177,2179,2190
162,08,000,44100,00000,00000,0,A,La Veta town,Colorado,800,800,795,774,775,760,755,754,772,777,810
162,08,000,44320,00000,00000,0,A,Leadville city,Colorado,2602,2600,2584,2605,2570,2560,2582,2634,2679,2748,2762
162,08,000,44980,00000,00000,0,A,Limon town,Colorado,1880,1882,1883,1873,1868,1861,1888,1912,1936,1923,1924
162,08,000,45255,00000,00000,0,A,Littleton city,Colorado,41737,41633,41916,43087,43784,44417,44737,46308,46559,47809,48007
162,08,000,45530,00000,00000,0,A,Lochbuie town,Colorado,4726,4726,4811,5095,5234,5313,5421,5554,5880,6424,6938
162,08,000,45695,00000,00000,0,A,Log Lane Village town,Colorado,873,873,875,884,876,873,872,872,866,868,874
162,08,000,45955,00000,00000,0,A,Lone Tree city,Colorado,10218,11198,11390,11594,11934,13276,13520,14086,14161,14687,14653
162,08,000,45970,00000,00000,0,A,Longmont city,Colorado,86270,86310,86424,87668,88891,90217,90635,92317,93310,94712,96577
162,08,000,46355,00000,00000,0,A,Louisville city,Colorado,18376,18408,18433,18630,19048,19538,20046,20343,20803,21205,21163
162,08,000,46465,00000,00000,0,A,Loveland city,Colorado,66859,66890,67057,69182,70226,71135,72248,74608,76103,76581,77446
162,08,000,47070,00000,00000,0,A,Lyons town,Colorado,2033,2120,2124,2158,2183,2200,2103,2148,2159,2150,2155
162,08,000,48060,00000,00000,0,A,Manassa town,Colorado,991,991,999,995,991,987,991,976,974,987,993
162,08,000,48115,00000,00000,0,A,Mancos town,Colorado,1336,1338,1341,1334,1337,1342,1349,1360,1405,1415,1419
162,08,000,48445,00000,00000,0,A,Manitou Springs city,Colorado,4992,4983,5022,5114,5194,5219,5205,5231,5281,5315,5346
162,08,000,48500,00000,00000,0,A,Manzanola town,Colorado,434,432,432,432,427,423,420,416,416,418,419
162,08,000,48555,00000,00000,0,A,Marble town,Colorado,131,131,131,130,130,130,132,134,136,140,144
162,08,000,49600,00000,00000,0,A,Mead town,Colorado,3405,3453,3486,3567,3792,3989,4114,4498,4579,4643,4737
162,08,000,49875,00000,00000,0,A,Meeker town,Colorado,2475,2475,2452,2498,2469,2437,2394,2335,2316,2288,2261
162,08,000,50040,00000,00000,0,A,Merino town,Colorado,284,284,284,284,283,281,282,282,280,281,279
162,08,000,50480,00000,00000,0,A,Milliken town,Colorado,5610,5611,5635,5708,5783,5899,6070,6378,6662,7090,7674
162,08,000,50920,00000,00000,0,A,Minturn town,Colorado,1027,1086,1087,1083,1088,1096,1101,1108,1124,1128,1129
162,08,000,51250,00000,00000,0,A,Moffat town,Colorado,116,116,116,116,118,116,114,114,116,119,120
162,08,000,51635,00000,00000,0,A,Monte Vista city,Colorado,4444,4442,4457,4409,4387,4312,4245,4182,4169,4155,4124
162,08,000,51690,00000,00000,0,A,Montezuma town,Colorado,65,63,63,63,63,64,65,67,68,68,68
162,08,000,51745,00000,00000,0,A,Montrose city,Colorado,19132,19140,19109,19027,18880,18822,18815,18789,19033,19315,19512
162,08,000,51800,00000,00000,0,A,Monument town,Colorado,5530,6005,6054,6238,6341,6442,6523,6646,6798,7378,8010
162,08,000,52075,00000,00000,0,A,Morrison town,Colorado,428,418,418,420,422,424,425,425,429,425,424
162,08,000,52350,00000,00000,0,A,Mountain View town,Colorado,507,507,508,511,515,519,526,532,534,537,537
162,08,000,52550,00000,00000,0,A,Mountain Village town,Colorado,1320,1317,1314,1337,1355,1362,1392,1392,1420,1419,1434
162,08,000,52570,00000,00000,0,A,Mount Crested Butte town,Colorado,801,801,797,796,795,795,802,820,828,845,852
162,08,000,53120,00000,00000,0,A,Naturita town,Colorado,546,546,544,539,534,531,531,529,534,538,541
162,08,000,53175,00000,00000,0,A,Nederland town,Colorado,1445,1445,1447,1462,1478,1486,1496,1516,1536,1542,1547
162,08,000,53395,00000,00000,0,A,New Castle town,Colorado,4518,4518,4493,4486,4540,4538,4574,4640,4744,4812,5024
162,08,000,54330,00000,00000,0,A,Northglenn city,Colorado,35789,35762,35892,36430,36943,37464,38500,38961,39183,39040,39010
162,08,000,54880,00000,00000,0,A,Norwood town,Colorado,518,526,527,535,541,543,556,562,574,579,591
162,08,000,54935,00000,00000,0,A,Nucla town,Colorado,711,711,710,705,702,698,703,701,706,717,717
162,08,000,55045,00000,00000,0,A,Nunn town,Colorado,416,418,420,424,429,438,445,449,454,461,463
162,08,000,55155,00000,00000,0,A,Oak Creek town,Colorado,884,899,895,890,891,899,913,922,927,948,966
162,08,000,55540,00000,00000,0,A,Olathe town,Colorado,1849,1842,1835,1818,1799,1789,1784,1776,1791,1807,1825
162,08,000,55705,00000,00000,0,A,Olney Springs town,Colorado,345,345,348,353,345,337,335,329,329,323,329
162,08,000,55870,00000,00000,0,A,Ophir town,Colorado,159,161,161,163,165,166,168,168,170,173,179
162,08,000,55980,00000,00000,0,A,Orchard City town,Colorado,3119,3119,3111,3066,3070,3071,3025,3009,3064,3094,3161
162,08,000,56145,00000,00000,0,A,Ordway town,Colorado,1080,1080,1090,1107,1081,1058,1052,1028,1029,1009,1028
162,08,000,56365,00000,00000,0,A,Otis town,Colorado,475,473,474,468,462,466,464,471,476,487,485
162,08,000,56420,00000,00000,0,A,Ouray city,Colorado,1000,1002,1006,994,1008,1012,999,986,1017,1016,1010
162,08,000,56475,00000,00000,0,A,Ovid town,Colorado,318,318,317,317,317,314,312,317,321,313,308
162,08,000,56860,00000,00000,0,A,Pagosa Springs town,Colorado,1727,1727,1720,1713,1735,1753,1767,1793,1869,1940,2005
162,08,000,56970,00000,00000,0,A,Palisade town,Colorado,2692,2651,2643,2648,2669,2663,2654,2665,2684,2691,2714
162,08,000,57025,00000,00000,0,A,Palmer Lake town,Colorado,2420,2405,2423,2469,2511,2550,2583,2631,2691,2723,2772
162,08,000,57245,00000,00000,0,A,Paoli town,Colorado,34,34,34,34,34,33,33,33,33,33,35
162,08,000,57300,00000,00000,0,A,Paonia town,Colorado,1451,1458,1455,1433,1431,1430,1400,1391,1412,1420,1462
162,08,000,57400,00000,00000,0,A,Parachute town,Colorado,1085,1085,1078,1078,1091,1093,1094,1101,1116,1117,1120
162,08,000,57630,00000,00000,0,A,Parker town,Colorado,45297,45337,45523,46093,47035,48354,49501,51021,52614,54085,55636
162,08,000,58235,00000,00000,0,A,Peetz town,Colorado,238,238,238,236,235,233,236,236,237,236,234
162,08,000,59005,00000,00000,0,A,Pierce town,Colorado,834,830,833,842,852,861,871,878,1070,1126,1132
162,08,000,59830,00000,00000,0,A,Pitkin town,Colorado,66,66,66,66,67,67,67,69,70,72,72
162,08,000,60160,00000,00000,0,A,Platteville town,Colorado,2485,2487,2499,2528,2562,2592,2627,2653,2758,2777,2769
162,08,000,60600,00000,00000,0,A,Poncha Springs town,Colorado,737,723,723,730,734,748,743,758,764,857,940
162,08,000,61315,00000,00000,0,A,Pritchett town,Colorado,140,140,141,139,137,135,132,131,130,131,132
162,08,000,62000,00000,00000,0,A,Pueblo city,Colorado,106595,106544,106834,107211,107556,107760,107921,109031,110173,111129,111750
162,08,000,62660,00000,00000,0,A,Ramah town,Colorado,123,123,124,125,126,127,126,127,128,129,129
162,08,000,62880,00000,00000,0,A,Rangely town,Colorado,2365,2367,2403,2407,2466,2453,2396,2356,2350,2317,2291
162,08,000,63045,00000,00000,0,A,Raymer (New Raymer) town,Colorado,96,98,98,99,101,104,105,107,108,111,110
162,08,000,63265,00000,00000,0,A,Red Cliff town,Colorado,267,267,268,267,267,270,275,278,279,274,279
162,08,000,64090,00000,00000,0,A,Rico town,Colorado,265,265,266,257,244,244,234,231,237,235,232
162,08,000,64200,00000,00000,0,A,Ridgway town,Colorado,924,892,894,885,901,907,916,933,975,989,1016
162,08,000,64255,00000,00000,0,A,Rifle city,Colorado,9172,9389,9340,9328,9431,9434,9444,9527,9674,9683,9732
162,08,000,64970,00000,00000,0,A,Rockvale town,Colorado,487,487,487,496,497,494,493,494,500,510,512
162,08,000,65190,00000,00000,0,A,Rocky Ford city,Colorado,3957,3960,3966,3959,3912,3873,3845,3811,3807,3824,3828
162,08,000,65740,00000,00000,0,A,Romeo town,Colorado,404,404,406,406,405,404,404,397,399,404,406
162,08,000,66895,00000,00000,0,A,Rye town,Colorado,153,153,153,155,155,155,156,157,158,161,162
162,08,000,67005,00000,00000,0,A,Saguache town,Colorado,485,485,486,487,494,484,478,479,487,499,504
162,08,000,67280,00000,00000,0,A,Salida city,Colorado,5236,5241,5240,5264,5288,5379,5368,5440,5607,5812,5963
162,08,000,67830,00000,00000,0,A,Sanford town,Colorado,879,879,884,883,881,875,880,864,862,873,880
162,08,000,68105,00000,00000,0,A,San Luis town,Colorado,629,629,630,642,636,625,621,617,630,635,644
162,08,000,68655,00000,00000,0,A,Sawpit town,Colorado,40,34,34,34,35,35,35,35,38,38,39
162,08,000,68930,00000,00000,0,A,Sedgwick town,Colorado,146,146,145,145,146,143,142,145,147,142,140
162,08,000,69040,00000,00000,0,A,Seibert town,Colorado,181,181,181,183,182,180,217,219,218,216,216
162,08,000,69150,00000,00000,0,A,Severance town,Colorado,3165,3187,3227,3307,3387,3459,3593,3800,4101,4335,5064
162,08,000,69645,00000,00000,0,A,Sheridan city,Colorado,5664,5620,5643,5719,5829,5892,5940,6029,6055,6061,6164
162,08,000,69700,00000,00000,0,A,Sheridan Lake town,Colorado,88,83,83,86,85,84,82,82,80,81,82
162,08,000,70195,00000,00000,0,A,Silt town,Colorado,2930,2934,2919,2916,2969,2974,2998,3036,3103,3129,3181
162,08,000,70250,00000,00000,0,A,Silver Cliff town,Colorado,587,582,588,582,572,573,578,586,606,640,657
162,08,000,70360,00000,00000,0,A,Silver Plume town,Colorado,170,170,170,168,168,168,169,171,174,176,176
162,08,000,70525,00000,00000,0,A,Silverthorne town,Colorado,3887,3901,3918,3924,3968,4050,4273,4410,4564,4718,4821
162,08,000,70580,00000,00000,0,A,Silverton town,Colorado,637,637,645,629,630,629,648,626,627,647,694
162,08,000,70635,00000,00000,0,A,Simla town,Colorado,618,613,614,612,613,617,624,631,629,636,639
162,08,000,71755,00000,00000,0,A,Snowmass Village town,Colorado,2826,2822,2822,2822,2843,2869,2894,2862,2794,2778,2773
162,08,000,72395,00000,00000,0,A,South Fork town,Colorado,386,378,379,375,373,367,361,357,355,354,351
162,08,000,73330,00000,00000,0,A,Springfield town,Colorado,1451,1451,1458,1449,1431,1405,1379,1366,1356,1371,1379
162,08,000,73715,00000,00000,0,A,Starkville town,Colorado,59,59,59,57,56,53,51,51,52,52,55
162,08,000,73825,00000,00000,0,A,Steamboat Springs city,Colorado,12088,12078,12056,11962,11949,12119,12363,12538,12736,13012,13212
162,08,000,73935,00000,00000,0,A,Sterling city,Colorado,14777,14786,14095,13968,13767,13622,13840,13824,13798,13746,13630
162,08,000,74485,00000,00000,0,A,Stratton town,Colorado,658,661,660,669,667,661,661,658,653,650,650
162,08,000,74815,00000,00000,0,A,Sugar City town,Colorado,258,258,260,264,258,252,251,245,245,241,246
162,08,000,75640,00000,00000,0,A,Superior town,Colorado,12483,12481,12493,12612,12743,12801,12785,12927,13115,13062,13175
162,08,000,75970,00000,00000,0,A,Swink town,Colorado,617,617,618,617,610,604,600,594,594,595,596
162,08,000,76795,00000,00000,0,A,Telluride town,Colorado,2325,2229,2230,2282,2312,2330,2363,2382,2441,2446,2484
162,08,000,77290,00000,00000,0,A,Thornton city,Colorado,118772,118784,119391,121919,124400,127096,129584,132301,134718,136945,139436
162,08,000,77510,00000,00000,0,A,Timnath town,Colorado,625,642,643,809,1171,1536,1968,2426,2903,3285,3992
162,08,000,78610,00000,00000,0,A,Trinidad city,Colorado,9096,9089,9028,8756,8690,8244,7976,7973,7983,8068,8211
162,08,000,79270,00000,00000,0,A,Two Buttes town,Colorado,43,43,43,43,42,41,40,40,40,40,40
162,08,000,80040,00000,00000,0,A,Vail town,Colorado,5305,5305,5291,5277,5298,5338,5366,5480,5527,5506,5450
162,08,000,80865,00000,00000,0,A,Victor city,Colorado,397,408,410,407,406,403,403,397,405,411,415
162,08,000,81030,00000,00000,0,A,Vilas town,Colorado,114,114,115,114,112,110,108,106,106,107,107
162,08,000,81690,00000,00000,0,A,Vona town,Colorado,106,106,106,107,107,106,106,105,104,104,104
162,08,000,82130,00000,00000,0,A,Walden town,Colorado,608,608,606,591,577,581,600,585,586,596,600
162,08,000,82350,00000,00000,0,A,Walsenburg city,Colorado,3068,3063,3045,2960,2964,2908,2871,2871,2937,2952,3046
162,08,000,82460,00000,00000,0,A,Walsh town,Colorado,546,546,549,544,536,526,517,513,509,514,517
162,08,000,82735,00000,00000,0,A,Ward town,Colorado,150,150,150,152,153,154,153,155,156,156,164
162,08,000,83230,00000,00000,0,A,Wellington town,Colorado,6289,6345,6366,6472,6567,6772,7200,7790,8419,9498,9994
162,08,000,83450,00000,00000,0,A,Westcliffe town,Colorado,568,570,571,565,565,566,574,579,593,615,620
162,08,000,83835,00000,00000,0,A,Westminster city,Colorado,106114,106144,106442,107746,109101,110458,111567,112475,113034,113254,113479
162,08,000,84440,00000,00000,0,A,Wheat Ridge city,Colorado,30166,30180,30208,30396,30785,30956,31137,31241,31467,31372,31400
162,08,000,84770,00000,00000,0,A,Wiggins town,Colorado,893,895,898,908,901,897,891,894,887,890,996
162,08,000,85045,00000,00000,0,A,Wiley town,Colorado,405,405,405,403,402,398,389,385,384,390,393
162,08,000,85155,00000,00000,0,A,Williamsburg town,Colorado,662,662,661,665,670,663,662,668,680,689,702
162,08,000,85485,00000,00000,0,A,Windsor town,Colorado,18644,18652,18774,19267,20113,21447,22639,23497,24525,26547,28967
162,08,000,85705,00000,00000,0,A,Winter Park town,Colorado,999,1001,996,976,944,950,966,978,1014,1032,1051
162,08,000,86090,00000,00000,0,A,Woodland Park city,Colorado,7200,7161,7195,7146,7151,7108,7105,7183,7370,7637,7785
162,08,000,86310,00000,00000,0,A,Wray city,Colorado,2342,2358,2359,2374,2366,2369,2382,2351,2350,2335,2334
162,08,000,86475,00000,00000,0,A,Yampa town,Colorado,429,428,426,424,424,431,438,441,447,460,464
162,08,000,86750,00000,00000,0,A,Yuma city,Colorado,3524,3523,3525,3545,3527,3532,3540,3482,3490,3464,3460
050,08,001,00000,00000,00000,0,A,Adams County,Colorado,441603,441698,443698,452203,460648,470145,480263,490768,498249,504428,511868
157,08,001,03455,00000,00000,1,A,Arvada city (pt.),Colorado,2849,2851,2864,2917,2991,3062,3096,3173,3239,3227,3224
157,08,001,04000,00000,00000,1,A,Aurora city (pt.),Colorado,39871,39948,40127,40796,41924,42619,43931,45490,45973,46346,47702
157,08,001,06090,00000,00000,1,A,Bennett town (pt.),Colorado,1955,1952,1959,1989,2017,2045,2070,2100,2112,2105,2113
157,08,001,08675,00000,00000,1,A,Brighton city (pt.),Colorado,33009,33076,33221,33842,34462,36060,36711,37733,38490,39838,40348
157,08,001,16495,00000,00000,1,A,Commerce City city,Colorado,45913,45905,46172,47557,48582,49797,51551,53245,54631,56063,58449
157,08,001,26270,00000,00000,1,A,Federal Heights city,Colorado,11467,11472,11520,11717,11914,12144,12316,12527,12701,12802,12845
157,08,001,45530,00000,00000,1,A,Lochbuie town (pt.),Colorado,2,2,2,2,2,2,2,2,2,2,2
157,08,001,54330,00000,00000,1,A,Northglenn city (pt.),Colorado,35777,35742,35872,36410,36923,37443,38479,38940,39163,39020,38990
157,08,001,77290,00000,00000,1,A,Thornton city (pt.),Colorado,118772,118784,119391,121919,124400,127096,129584,132301,134718,136945,139436
157,08,001,83835,00000,00000,1,A,Westminster city (pt.),Colorado,63696,63728,63978,64984,65960,66898,67756,68635,69041,69290,69394
157,08,001,99990,00000,00000,1,F,Balance of Adams County,Colorado,88292,88238,88592,90070,91473,92979,94767,96622,98179,98790,99365
050,08,003,00000,00000,00000,0,A,Alamosa County,Colorado,15445,15440,15932,16122,16095,16203,16220,16314,16461,16543,16683
157,08,003,01090,00000,00000,1,A,Alamosa city,Colorado,8780,8855,9314,9425,9434,9511,9562,9682,9769,9881,9997
157,08,003,37380,00000,00000,1,A,Hooper town,Colorado,103,103,103,106,103,102,101,102,102,102,101
157,08,003,99990,00000,00000,1,F,Balance of Alamosa County,Colorado,6562,6482,6515,6591,6558,6590,6557,6530,6590,6560,6585
050,08,005,00000,00000,00000,0,A,Arapahoe County,Colorado,572003,572130,574762,585844,596343,608209,618798,630637,638571,644132,651215
157,08,005,04000,00000,00000,1,A,Aurora city (pt.),Colorado,285090,284610,285828,291636,296908,302388,308052,313636,316303,319900,324897
157,08,005,06090,00000,00000,1,A,Bennett town (pt.),Colorado,353,350,351,356,363,368,370,375,377,374,399
157,08,005,08070,00000,00000,1,A,Bow Mar town (pt.),Colorado,589,589,591,600,613,625,635,653,672,667,670
157,08,005,12815,00000,00000,1,A,Centennial city,Colorado,100377,100635,100990,102510,104266,106667,107478,109170,109793,110453,110831
157,08,005,13845,00000,00000,1,A,Cherry Hills Village city,Colorado,5987,5987,6014,6124,6248,6381,6472,6591,6672,6654,6650
157,08,005,16385,00000,00000,1,A,Columbine Valley town,Colorado,1256,1256,1260,1281,1305,1324,1334,1362,1413,1444,1488
157,08,005,19630,00000,00000,1,A,Deer Trail town,Colorado,546,547,549,557,566,575,585,621,695,702,736
157,08,005,24785,00000,00000,1,A,Englewood city,Colorado,30255,30259,30367,30801,31322,31771,32618,33096,34228,34467,34690
157,08,005,28105,00000,00000,1,A,Foxfield town,Colorado,685,714,719,732,744,766,775,791,795,789,792
157,08,005,30340,00000,00000,1,A,Glendale city,Colorado,4184,4318,4334,4395,4466,4530,5120,5189,5211,5168,5170
157,08,005,33035,00000,00000,1,A,Greenwood Village city,Colorado,13925,13921,13978,14214,14469,14686,15385,15619,15778,15752,15801
157,08,005,45255,00000,00000,1,A,Littleton city (pt.),Colorado,39328,39224,39496,40618,41296,41915,42219,43732,43940,45108,45298
157,08,005,69645,00000,00000,1,A,Sheridan city,Colorado,5664,5620,5643,5719,5829,5892,5940,6029,6055,6061,6164
157,08,005,99990,00000,00000,1,F,Balance of Arapahoe County,Colorado,83764,84100,84642,86301,87948,90321,91815,93773,96639,96593,97629
050,08,007,00000,00000,00000,0,A,Archuleta County,Colorado,12084,12084,12046,12022,12133,12218,12233,12393,12832,13317,13765
157,08,007,56860,00000,00000,1,A,Pagosa Springs town,Colorado,1727,1727,1720,1713,1735,1753,1767,1793,1869,1940,2005
157,08,007,99990,00000,00000,1,F,Balance of Archuleta County,Colorado,10357,10357,10326,10309,10398,10465,10466,10600,10963,11377,11760
050,08,009,00000,00000,00000,0,A,Baca County,Colorado,3788,3787,3807,3777,3722,3656,3587,3553,3528,3563,3585
157,08,009,11645,00000,00000,1,A,Campo town,Colorado,109,109,110,109,107,105,103,102,101,102,103
157,08,009,61315,00000,00000,1,A,Pritchett town,Colorado,140,140,141,139,137,135,132,131,130,131,132
157,08,009,73330,00000,00000,1,A,Springfield town,Colorado,1451,1451,1458,1449,1431,1405,1379,1366,1356,1371,1379
157,08,009,79270,00000,00000,1,A,Two Buttes town,Colorado,43,43,43,43,42,41,40,40,40,40,40
157,08,009,81030,00000,00000,1,A,Vilas town,Colorado,114,114,115,114,112,110,108,106,106,107,107
157,08,009,82460,00000,00000,1,A,Walsh town,Colorado,546,546,549,544,536,526,517,513,509,514,517
157,08,009,99990,00000,00000,1,F,Balance of Baca County,Colorado,1385,1384,1391,1379,1357,1334,1308,1295,1286,1298,1307
050,08,011,00000,00000,00000,0,A,Bent County,Colorado,6499,6499,6500,6339,5827,5746,5784,5879,5645,5857,5882
157,08,011,43660,00000,00000,1,A,Las Animas city,Colorado,2410,2410,2408,2360,2315,2251,2182,2211,2177,2179,2190
157,08,011,99990,00000,00000,1,F,Balance of Bent County,Colorado,4089,4089,4092,3979,3512,3495,3602,3668,3468,3678,3692
050,08,013,00000,00000,00000,0,A,Boulder County,Colorado,294567,294561,295774,300897,305565,310247,313298,319175,322527,324073,326078
157,08,013,07850,00000,00000,1,A,Boulder city,Colorado,97385,97640,98512,101115,102169,103640,105482,107793,108288,107895,107353
157,08,013,24950,00000,00000,1,A,Erie town (pt.),Colorado,8348,8367,8407,8695,8912,9004,9269,9694,10217,10536,11191
157,08,013,39195,00000,00000,1,A,Jamestown town,Colorado,274,274,274,277,282,283,262,267,273,270,268
157,08,013,41835,00000,00000,1,A,Lafayette city,Colorado,24453,24475,24563,24857,25799,26674,26931,27501,28132,28439,28924
157,08,013,45970,00000,00000,1,A,Longmont city (pt.),Colorado,86240,86267,86381,87467,88688,90012,90428,92108,93101,94502,95988
157,08,013,46355,00000,00000,1,A,Louisville city,Colorado,18376,18408,18433,18630,19048,19538,20046,20343,20803,21205,21163
157,08,013,47070,00000,00000,1,A,Lyons town,Colorado,2033,2120,2124,2158,2183,2200,2103,2148,2159,2150,2155
157,08,013,53175,00000,00000,1,A,Nederland town,Colorado,1445,1445,1447,1462,1478,1486,1496,1516,1536,1542,1547
157,08,013,75640,00000,00000,1,A,Superior town (pt.),Colorado,12483,12481,12493,12612,12743,12801,12785,12927,13115,13062,13175
157,08,013,82735,00000,00000,1,A,Ward town,Colorado,150,150,150,152,153,154,153,155,156,156,164
157,08,013,99990,00000,00000,1,F,Balance of Boulder County,Colorado,43380,42934,42990,43472,44110,44455,44343,44723,44747,44316,44150
050,08,014,00000,00000,00000,0,C,Broomfield County,Colorado,55889,55856,56221,57482,58963,60149,61769,64856,66474,68232,69267
157,08,014,09280,00000,00000,1,A,Broomfield city,Colorado,55889,55856,56221,57482,58963,60149,61769,64856,66474,68232,69267
050,08,015,00000,00000,00000,0,A,Chaffee County,Colorado,17809,17809,17808,18030,18153,18358,18453,18600,19089,19651,20027
157,08,015,10105,00000,00000,1,A,Buena Vista town,Colorado,2617,2566,2566,2588,2605,2667,2675,2695,2741,2797,2823
157,08,015,60600,00000,00000,1,A,Poncha Springs town,Colorado,737,723,723,730,734,748,743,758,764,857,940
157,08,015,67280,00000,00000,1,A,Salida city,Colorado,5236,5241,5240,5264,5288,5379,5368,5440,5607,5812,5963
157,08,015,99990,00000,00000,1,F,Balance of Chaffee County,Colorado,9219,9279,9279,9448,9526,9564,9667,9707,9977,10185,10301
050,08,017,00000,00000,00000,0,A,Cheyenne County,Colorado,1836,1833,1833,1862,1872,1878,1846,1827,1849,1860,1876
157,08,017,14175,00000,00000,1,A,Cheyenne Wells town,Colorado,846,846,846,860,866,868,852,839,842,847,853
157,08,017,41010,00000,00000,1,A,Kit Carson town,Colorado,233,233,233,236,237,237,233,229,235,236,238
157,08,017,99990,00000,00000,1,F,Balance of Cheyenne County,Colorado,757,754,754,766,769,773,761,759,772,777,785
050,08,019,00000,00000,00000,0,A,Clear Creek County,Colorado,9088,9064,9073,9001,9008,9013,9114,9237,9356,9582,9605
157,08,019,12910,00000,00000,1,A,Central City city (pt.),Colorado,0,0,0,0,0,0,0,0,0,0,0
157,08,019,24620,00000,00000,1,A,Empire town,Colorado,282,282,282,281,281,282,284,289,294,302,303
157,08,019,29735,00000,00000,1,A,Georgetown town,Colorado,1034,1034,1035,1026,1024,1025,1028,1039,1050,1074,1088
157,08,019,38370,00000,00000,1,A,Idaho Springs city,Colorado,1717,1725,1726,1708,1705,1707,1716,1736,1757,1796,1794
157,08,019,70360,00000,00000,1,A,Silver Plume town,Colorado,170,170,170,168,168,168,169,171,174,176,176
157,08,019,99990,00000,00000,1,F,Balance of Clear Creek County,Colorado,5885,5853,5860,5818,5830,5831,5917,6002,6081,6234,6244
050,08,021,00000,00000,00000,0,A,Conejos County,Colorado,8256,8256,8312,8289,8249,8200,8233,8069,8057,8153,8200
157,08,021,02355,00000,00000,1,A,Antonito town,Colorado,781,781,786,784,778,770,771,752,748,753,753
157,08,021,42055,00000,00000,1,A,La Jara town,Colorado,818,823,828,823,815,808,811,791,789,797,803
157,08,021,48060,00000,00000,1,A,Manassa town,Colorado,991,991,999,995,991,987,991,976,974,987,993
157,08,021,65740,00000,00000,1,A,Romeo town,Colorado,404,404,406,406,405,404,404,397,399,404,406
157,08,021,67830,00000,00000,1,A,Sanford town,Colorado,879,879,884,883,881,875,880,864,862,873,880
157,08,021,99990,00000,00000,1,F,Balance of Conejos County,Colorado,4383,4378,4409,4398,4379,4356,4376,4289,4285,4339,4365
050,08,023,00000,00000,00000,0,A,Costilla County,Colorado,3524,3524,3529,3642,3605,3543,3564,3577,3696,3772,3828
157,08,023,07190,00000,00000,1,A,Blanca town,Colorado,385,385,384,393,390,383,382,379,387,392,397
157,08,023,68105,00000,00000,1,A,San Luis town,Colorado,629,629,630,642,636,625,621,617,630,635,644
157,08,023,99990,00000,00000,1,F,Balance of Costilla County,Colorado,2510,2510,2515,2607,2579,2535,2561,2581,2679,2745,2787
050,08,025,00000,00000,00000,0,A,Crowley County,Colorado,5823,5823,5861,5882,5460,5346,5609,5622,5261,5798,5858
157,08,025,18750,00000,00000,1,A,Crowley town,Colorado,176,176,178,180,176,172,171,167,167,164,167
157,08,025,55705,00000,00000,1,A,Olney Springs town,Colorado,345,345,348,353,345,337,335,329,329,323,329
157,08,025,56145,00000,00000,1,A,Ordway town,Colorado,1080,1080,1090,1107,1081,1058,1052,1028,1029,1009,1028
157,08,025,74815,00000,00000,1,A,Sugar City town,Colorado,258,258,260,264,258,252,251,245,245,241,246
157,08,025,99990,00000,00000,1,F,Balance of Crowley County,Colorado,3964,3964,3985,3978,3600,3527,3800,3853,3491,4061,4088
050,08,027,00000,00000,00000,0,A,Custer County,Colorado,4255,4255,4283,4228,4222,4265,4344,4438,4593,4873,4954
157,08,027,70250,00000,00000,1,A,Silver Cliff town,Colorado,587,582,588,582,572,573,578,586,606,640,657
157,08,027,83450,00000,00000,1,A,Westcliffe town,Colorado,568,570,571,565,565,566,574,579,593,615,620
157,08,027,99990,00000,00000,1,F,Balance of Custer County,Colorado,3100,3103,3124,3081,3085,3126,3192,3273,3394,3618,3677
050,08,029,00000,00000,00000,0,A,Delta County,Colorado,30952,30952,30859,30390,30466,30339,29965,29919,30356,30537,30953
157,08,029,12635,00000,00000,1,A,Cedaredge town,Colorado,2253,2253,2246,2213,2210,2216,2179,2175,2210,2225,2266
157,08,029,17925,00000,00000,1,A,Crawford town,Colorado,431,428,427,420,419,419,413,410,418,420,424
157,08,029,19850,00000,00000,1,A,Delta city,Colorado,8915,8878,8851,8727,8792,8796,8641,8670,8767,8814,8920
157,08,029,37545,00000,00000,1,A,Hotchkiss town,Colorado,944,942,939,924,924,924,907,903,915,923,933
157,08,029,55980,00000,00000,1,A,Orchard City town,Colorado,3119,3119,3111,3066,3070,3071,3025,3009,3064,3094,3161
157,08,029,57300,00000,00000,1,A,Paonia town,Colorado,1451,1458,1455,1433,1431,1430,1400,1391,1412,1420,1462
157,08,029,99990,00000,00000,1,F,Balance of Delta County,Colorado,13839,13874,13830,13607,13620,13483,13400,13361,13570,13641,13787
050,08,031,00000,00000,00000,0,C,Denver County,Colorado,600158,599815,603354,620513,635277,649513,664870,683665,696618,705439,716492
157,08,031,20000,00000,00000,1,A,Denver city,Colorado,600158,599815,603354,620513,635277,649513,664870,683665,696618,705439,716492
050,08,033,00000,00000,00000,0,A,Dolores County,Colorado,2064,2064,2069,2044,2009,2033,1977,1981,2056,2053,2074
157,08,033,21265,00000,00000,1,A,Dove Creek town,Colorado,735,718,720,696,663,660,633,624,640,632,630
157,08,033,64090,00000,00000,1,A,Rico town,Colorado,265,265,266,257,244,244,234,231,237,235,232
157,08,033,99990,00000,00000,1,F,Balance of Dolores County,Colorado,1064,1081,1083,1091,1102,1129,1110,1126,1179,1186,1212
050,08,035,00000,00000,00000,0,A,Douglas County,Colorado,285465,285465,286977,292513,298698,306232,314574,321964,328088,335668,342776
157,08,035,04000,00000,00000,1,A,Aurora city (pt.),Colorado,117,117,118,195,248,269,408,553,665,1009,1515
157,08,035,12387,00000,00000,1,A,Castle Pines city,Colorado,A,10333,10369,10450,10582,10638,10687,10630,10551,10478,10507
157,08,035,12415,00000,00000,1,A,Castle Rock town,Colorado,48231,48254,48590,49689,51017,52658,55163,57093,59195,62125,64827
157,08,035,43550,00000,00000,1,A,Larkspur town,Colorado,183,183,184,187,191,191,192,195,198,201,205
157,08,035,45255,00000,00000,1,A,Littleton city (pt.),Colorado,28,28,28,28,29,30,31,30,30,32,31
157,08,035,45955,00000,00000,1,A,Lone Tree city,Colorado,10218,11198,11390,11594,11934,13276,13520,14086,14161,14687,14653
157,08,035,57630,00000,00000,1,A,Parker town,Colorado,45297,45337,45523,46093,47035,48354,49501,51021,52614,54085,55636
157,08,035,99990,00000,00000,1,F,Balance of Douglas County,Colorado,171031,170015,170775,174277,177662,180816,185072,188356,190674,193051,195402
050,08,037,00000,00000,00000,0,A,Eagle County,Colorado,52197,52196,52104,52072,52366,52857,53323,53896,54579,54992,54993
157,08,037,04110,00000,00000,1,A,Avon town,Colorado,6447,6391,6374,6366,6405,6449,6497,6535,6589,6569,6482
157,08,037,04935,00000,00000,1,A,Basalt town (pt.),Colorado,2926,2923,2917,2910,2926,2943,2958,2970,3019,3210,3202
157,08,037,22200,00000,00000,1,A,Eagle town,Colorado,6508,6508,6501,6508,6545,6584,6650,6738,6833,6895,6961
157,08,037,33695,00000,00000,1,A,Gypsum town,Colorado,6477,6498,6501,6518,6553,6717,6845,6962,7091,7149,7353
157,08,037,50920,00000,00000,1,A,Minturn town,Colorado,1027,1086,1087,1083,1088,1096,1101,1108,1124,1128,1129
157,08,037,63265,00000,00000,1,A,Red Cliff town,Colorado,267,267,268,267,267,270,275,278,279,274,279
157,08,037,80040,00000,00000,1,A,Vail town,Colorado,5305,5305,5291,5277,5298,5338,5366,5480,5527,5506,5450
157,08,037,99990,00000,00000,1,F,Balance of Eagle County,Colorado,23240,23218,23165,23143,23284,23460,23631,23825,24117,24261,24137
050,08,039,00000,00000,00000,0,A,Elbert County,Colorado,23086,23088,23143,23176,23273,23541,24033,24621,25138,25735,26282
157,08,039,23740,00000,00000,1,A,Elizabeth town,Colorado,1358,1349,1351,1348,1348,1360,1377,1393,1386,1404,1416
157,08,039,40790,00000,00000,1,A,Kiowa town,Colorado,723,719,720,720,721,725,736,745,744,752,757
157,08,039,70635,00000,00000,1,A,Simla town,Colorado,618,613,614,612,613,617,624,631,629,636,639
157,08,039,99990,00000,00000,1,F,Balance of Elbert County,Colorado,20387,20407,20458,20496,20591,20839,21296,21852,22379,22943,23470
050,08,041,00000,00000,00000,0,A,El Paso County,Colorado,622263,622250,626904,637120,645879,655320,663266,674156,688687,700800,713856
157,08,041,11260,00000,00000,1,A,Calhan town,Colorado,780,780,785,797,805,808,807,811,823,829,834
157,08,041,16000,00000,00000,1,A,Colorado Springs city,Colorado,416427,417433,420544,427248,432611,437981,441960,449189,458531,465160,472688
157,08,041,27865,00000,00000,1,A,Fountain city,Colorado,25846,25932,26140,26618,26994,27833,28274,28750,29331,29793,30454
157,08,041,32650,00000,00000,1,A,Green Mountain Falls town (pt.),Colorado,612,610,615,625,631,637,639,643,656,659,674
157,08,041,48445,00000,00000,1,A,Manitou Springs city,Colorado,4992,4983,5022,5114,5194,5219,5205,5231,5281,5315,5346
157,08,041,51800,00000,00000,1,A,Monument town,Colorado,5530,6005,6054,6238,6341,6442,6523,6646,6798,7378,8010
157,08,041,57025,00000,00000,1,A,Palmer Lake town,Colorado,2420,2405,2423,2469,2511,2550,2583,2631,2691,2723,2772
157,08,041,62660,00000,00000,1,A,Ramah town,Colorado,123,123,124,125,126,127,126,127,128,129,129
157,08,041,99990,00000,00000,1,S,Balance of El Paso County,Colorado,165533,163979,165197,167886,170666,173723,177149,180128,184448,188814,192949
050,08,043,00000,00000,00000,0,A,Fremont County,Colorado,46824,46824,46835,47379,47060,46310,46133,46267,46982,47607,48021
157,08,043,09115,00000,00000,1,A,Brookside town,Colorado,233,233,235,235,242,241,242,244,249,256,260
157,08,043,11810,00000,00000,1,A,Cañon City city,Colorado,16400,16421,16415,16448,16441,16226,16176,16235,16410,16568,16750
157,08,043,15330,00000,00000,1,A,Coal Creek town,Colorado,343,343,343,343,342,337,336,336,342,345,348
157,08,043,27040,00000,00000,1,A,Florence city,Colorado,3881,3886,3882,3889,3886,3831,3817,3832,3882,3922,3956
157,08,043,64970,00000,00000,1,A,Rockvale town,Colorado,487,487,487,496,497,494,493,494,500,510,512
157,08,043,85155,00000,00000,1,A,Williamsburg town,Colorado,662,662,661,665,670,663,662,668,680,689,702
157,08,043,99990,00000,00000,1,F,Balance of Fremont County,Colorado,24818,24792,24812,25303,24982,24518,24407,24458,24919,25317,25493
050,08,045,00000,00000,00000,0,A,Garfield County,Colorado,56389,56389,56092,56065,56788,56971,57201,57760,58847,59113,59770
157,08,045,12045,00000,00000,1,A,Carbondale town,Colorado,6427,6443,6404,6395,6468,6486,6524,6615,6761,6820,6879
157,08,045,30780,00000,00000,1,A,Glenwood Springs city,Colorado,9614,9599,9543,9529,9631,9766,9764,9817,9950,9950,9972
157,08,045,53395,00000,00000,1,A,New Castle town,Colorado,4518,4518,4493,4486,4540,4538,4574,4640,4744,4812,5024
157,08,045,57400,00000,00000,1,A,Parachute town,Colorado,1085,1085,1078,1078,1091,1093,1094,1101,1116,1117,1120
157,08,045,64255,00000,00000,1,A,Rifle city,Colorado,9172,9389,9340,9328,9431,9434,9444,9527,9674,9683,9732
157,08,045,70195,00000,00000,1,A,Silt town,Colorado,2930,2934,2919,2916,2969,2974,2998,3036,3103,3129,3181
157,08,045,99990,00000,00000,1,F,Balance of Garfield County,Colorado,22643,22421,22315,22333,22658,22680,22803,23024,23499,23602,23862
050,08,047,00000,00000,00000,0,A,Gilpin County,Colorado,5441,5453,5475,5431,5434,5534,5751,5807,5914,6026,6121
157,08,047,07025,00000,00000,1,A,Black Hawk city,Colorado,118,118,118,117,117,119,123,124,126,127,127
157,08,047,12910,00000,00000,1,A,Central City city (pt.),Colorado,663,660,665,658,660,671,706,716,725,733,765
157,08,047,99990,00000,00000,1,F,Balance of Gilpin County,Colorado,4660,4675,4692,4656,4657,4744,4922,4967,5063,5166,5229
050,08,049,00000,00000,00000,0,A,Grand County,Colorado,14843,14843,14796,14562,14220,14311,14559,14721,15170,15356,15525
157,08,049,28305,00000,00000,1,A,Fraser town,Colorado,1224,1224,1217,1195,1160,1167,1192,1212,1256,1279,1302
157,08,049,31605,00000,00000,1,A,Granby town,Colorado,1864,1845,1840,1820,1866,1902,1930,1972,2042,2077,2098
157,08,049,31715,00000,00000,1,A,Grand Lake town,Colorado,471,471,469,463,452,460,475,481,494,500,504
157,08,049,37600,00000,00000,1,A,Hot Sulphur Springs town,Colorado,663,672,671,659,644,655,676,684,703,710,716
157,08,049,41560,00000,00000,1,A,Kremmling town,Colorado,1444,1444,1440,1414,1384,1387,1417,1437,1478,1488,1503
157,08,049,85705,00000,00000,1,A,Winter Park town,Colorado,999,1001,996,976,944,950,966,978,1014,1032,1051
157,08,049,99990,00000,00000,1,F,Balance of Grand County,Colorado,8178,8186,8163,8035,7770,7790,7903,7957,8183,8270,8351
050,08,051,00000,00000,00000,0,A,Gunnison County,Colorado,15324,15324,15355,15322,15436,15653,15842,16178,16489,16931,17246
157,08,051,18310,00000,00000,1,A,Crested Butte town,Colorado,1487,1486,1479,1488,1496,1510,1535,1570,1603,1648,1681
157,08,051,33640,00000,00000,1,A,Gunnison city,Colorado,5854,5822,5883,5788,5868,6048,6099,6202,6314,6474,6594
157,08,051,48555,00000,00000,1,A,Marble town,Colorado,131,131,131,130,130,130,132,134,136,140,144
157,08,051,52570,00000,00000,1,A,Mount Crested Butte town,Colorado,801,801,797,796,795,795,802,820,828,845,852
157,08,051,59830,00000,00000,1,A,Pitkin town,Colorado,66,66,66,66,67,67,67,69,70,72,72
157,08,051,99990,00000,00000,1,F,Balance of Gunnison County,Colorado,6985,7018,6999,7054,7080,7103,7207,7383,7538,7752,7903
050,08,053,00000,00000,00000,0,A,Hinsdale County,Colorado,843,843,844,825,802,804,773,764,788,791,811
157,08,053,42330,00000,00000,1,A,Lake City town,Colorado,408,406,407,396,383,384,367,362,374,376,387
157,08,053,99990,00000,00000,1,S,Balance of Hinsdale County,Colorado,435,437,437,429,419,420,406,402,414,415,424
050,08,055,00000,00000,00000,0,A,Huerfano County,Colorado,6711,6711,6680,6527,6565,6463,6396,6407,6579,6645,6889
157,08,055,44100,00000,00000,1,A,La Veta town,Colorado,800,800,795,774,775,760,755,754,772,777,810
157,08,055,82350,00000,00000,1,A,Walsenburg city,Colorado,3068,3063,3045,2960,2964,2908,2871,2871,2937,2952,3046
157,08,055,99990,00000,00000,1,F,Balance of Huerfano County,Colorado,2843,2848,2840,2793,2826,2795,2770,2782,2870,2916,3033
050,08,057,00000,00000,00000,0,A,Jackson County,Colorado,1394,1393,1389,1357,1325,1336,1385,1352,1357,1379,1399
157,08,057,82130,00000,00000,1,A,Walden town,Colorado,608,608,606,591,577,581,600,585,586,596,600
157,08,057,99990,00000,00000,1,F,Balance of Jackson County,Colorado,786,785,783,766,748,755,785,767,771,783,799
050,08,059,00000,00000,00000,0,A,Jefferson County,Colorado,534543,534829,535833,540755,546764,552254,559085,565223,571779,575817,580233
157,08,059,03455,00000,00000,1,A,Arvada city (pt.),Colorado,103584,103871,104018,105119,107201,108784,110583,112236,114487,115771,117268
157,08,059,08070,00000,00000,1,A,Bow Mar town (pt.),Colorado,277,255,255,257,259,263,267,270,277,276,276
157,08,059,23135,00000,00000,1,A,Edgewater city,Colorado,5170,5172,5177,5210,5247,5276,5313,5318,5347,5323,5342
157,08,059,30835,00000,00000,1,A,Golden city,Colorado,18867,18890,19232,19676,19722,19844,20290,20571,20668,21176,21254
157,08,059,42495,00000,00000,1,A,Lakeside town,Colorado,8,8,8,8,8,8,8,8,8,8,8
157,08,059,43000,00000,00000,1,A,Lakewood city,Colorado,142980,142626,142786,144102,145418,146909,149481,152122,154117,155048,156798
157,08,059,45255,00000,00000,1,A,Littleton city (pt.),Colorado,2381,2381,2392,2441,2459,2472,2487,2546,2589,2669,2678
157,08,059,52075,00000,00000,1,A,Morrison town,Colorado,428,418,418,420,422,424,425,425,429,425,424
157,08,059,52350,00000,00000,1,A,Mountain View town,Colorado,507,507,508,511,515,519,526,532,534,537,537
157,08,059,75640,00000,00000,1,A,Superior town (pt.),Colorado,0,0,0,0,0,0,0,0,0,0,0
157,08,059,83835,00000,00000,1,A,Westminster city (pt.),Colorado,42418,42416,42464,42762,43141,43560,43811,43840,43993,43964,44085
157,08,059,84440,00000,00000,1,A,Wheat Ridge city,Colorado,30166,30180,30208,30396,30785,30956,31137,31241,31467,31372,31400
157,08,059,99990,00000,00000,1,F,Balance of Jefferson County,Colorado,187757,188105,188367,189853,191587,193239,194757,196114,197863,199248,200163
050,08,061,00000,00000,00000,0,A,Kiowa County,Colorado,1398,1398,1404,1431,1409,1392,1380,1384,1342,1367,1383
157,08,061,22145,00000,00000,1,A,Eads town,Colorado,609,609,611,617,608,599,591,593,576,586,592
157,08,061,34740,00000,00000,1,A,Haswell town,Colorado,68,68,68,71,69,68,67,68,65,66,67
157,08,061,69700,00000,00000,1,A,Sheridan Lake town,Colorado,88,83,83,86,85,84,82,82,80,81,82
157,08,061,99990,00000,00000,1,F,Balance of Kiowa County,Colorado,633,638,642,657,647,641,640,641,621,634,642
050,08,063,00000,00000,00000,0,A,Kit Carson County,Colorado,8270,8270,8263,8170,8074,8247,8020,8215,7625,7152,7163
157,08,063,06530,00000,00000,1,A,Bethune town,Colorado,237,237,237,240,239,236,237,238,236,234,237
157,08,063,10600,00000,00000,1,A,Burlington city,Colorado,4254,4254,4251,4107,4028,4243,3973,4185,3620,3175,3178
157,08,063,26765,00000,00000,1,A,Flagler town,Colorado,561,561,560,568,565,559,560,556,553,549,551
157,08,063,69040,00000,00000,1,A,Seibert town,Colorado,181,181,181,183,182,180,217,219,218,216,216
157,08,063,74485,00000,00000,1,A,Stratton town,Colorado,658,661,660,669,667,661,661,658,653,650,650
157,08,063,81690,00000,00000,1,A,Vona town,Colorado,106,106,106,107,107,106,106,105,104,104,104
157,08,063,99990,00000,00000,1,F,Balance of Kit Carson County,Colorado,2273,2270,2268,2296,2286,2262,2266,2254,2241,2224,2227
050,08,065,00000,00000,00000,0,A,Lake County,Colorado,7310,7310,7264,7342,7253,7265,7320,7442,7584,7753,7824
157,08,065,44320,00000,00000,1,A,Leadville city,Colorado,2602,2600,2584,2605,2570,2560,2582,2634,2679,2748,2762
157,08,065,99990,00000,00000,1,F,Balance of Lake County,Colorado,4708,4710,4680,4737,4683,4705,4738,4808,4905,5005,5062
050,08,067,00000,00000,00000,0,A,La Plata County,Colorado,51334,51335,51343,51794,52369,53287,53788,54609,55258,55541,56310
157,08,067,05265,00000,00000,1,A,Bayfield town,Colorado,2333,2324,2346,2377,2426,2477,2515,2554,2608,2679,2705
157,08,067,22035,00000,00000,1,A,Durango city,Colorado,16887,16917,16851,16961,17207,17623,17713,18062,18400,18456,18985
157,08,067,38535,00000,00000,1,A,Ignacio town,Colorado,697,857,859,861,864,872,880,885,885,887,888
157,08,067,99990,00000,00000,1,F,Balance of La Plata County,Colorado,31417,31237,31287,31595,31872,32315,32680,33108,33365,33519,33732
050,08,069,00000,00000,00000,0,A,Larimer County,Colorado,299630,299615,300450,305237,310856,316258,324061,333309,338926,343993,350518
157,08,069,06255,00000,00000,1,A,Berthoud town (pt.),Colorado,5042,5119,5136,5199,5285,5399,5740,5932,6163,6731,7738
157,08,069,25115,00000,00000,1,A,Estes Park town,Colorado,5858,5921,5940,5994,6073,6130,6186,6264,6354,6333,6352
157,08,069,27425,00000,00000,1,A,Fort Collins city,Colorado,143986,144855,145267,146602,149390,152462,156458,160605,162583,165099,167830
157,08,069,39855,00000,00000,1,A,Johnstown town (pt.),Colorado,537,530,535,682,821,1059,1349,1602,1781,1944,2130
157,08,069,46465,00000,00000,1,A,Loveland city,Colorado,66859,66890,67057,69182,70226,71135,72248,74608,76103,76581,77446
157,08,069,77510,00000,00000,1,A,Timnath town (pt.),Colorado,625,640,641,807,1169,1534,1966,2424,2901,3283,3990
157,08,069,83230,00000,00000,1,A,Wellington town,Colorado,6289,6345,6366,6472,6567,6772,7200,7790,8419,9498,9994
157,08,069,85485,00000,00000,1,A,Windsor town (pt.),Colorado,4574,4557,4580,4735,4989,5496,6084,6485,6768,6974,7279
157,08,069,99990,00000,00000,1,F,Balance of Larimer County,Colorado,65860,64758,64928,65564,66336,66271,66830,67599,67854,67550,67759
050,08,071,00000,00000,00000,0,A,Las Animas County,Colorado,15507,15507,15413,15041,14980,14390,14044,14043,14076,14231,14503
157,08,071,00760,00000,00000,1,A,Aguilar town,Colorado,538,538,534,517,513,485,469,468,470,476,484
157,08,071,08345,00000,00000,1,A,Branson town,Colorado,74,74,74,71,72,68,66,66,67,68,69
157,08,071,15550,00000,00000,1,A,Cokedale town,Colorado,129,129,128,126,125,119,116,116,116,117,121
157,08,071,40570,00000,00000,1,A,Kim town,Colorado,74,74,74,71,72,68,67,67,67,68,69
157,08,071,73715,00000,00000,1,A,Starkville town,Colorado,59,59,59,57,56,53,51,51,52,52,55
157,08,071,78610,00000,00000,1,A,Trinidad city,Colorado,9096,9089,9028,8756,8690,8244,7976,7973,7983,8068,8211
157,08,071,99990,00000,00000,1,F,Balance of Las Animas County,Colorado,5537,5544,5516,5443,5452,5353,5299,5302,5321,5382,5494
050,08,073,00000,00000,00000,0,A,Lincoln County,Colorado,5467,5469,5471,5418,5441,5435,5504,5545,5549,5530,5610
157,08,073,03235,00000,00000,1,A,Arriba town,Colorado,193,193,193,192,191,192,195,197,200,200,202
157,08,073,29680,00000,00000,1,A,Genoa town,Colorado,139,139,139,138,138,138,140,141,144,145,145
157,08,073,37875,00000,00000,1,A,Hugo town,Colorado,730,730,730,726,724,722,730,737,741,742,748
157,08,073,44980,00000,00000,1,A,Limon town,Colorado,1880,1882,1883,1873,1868,1861,1888,1912,1936,1923,1924
157,08,073,99990,00000,00000,1,F,Balance of Lincoln County,Colorado,2525,2525,2526,2489,2520,2522,2551,2558,2528,2520,2591
050,08,075,00000,00000,00000,0,A,Logan County,Colorado,22709,22709,22033,21869,21661,21469,21748,21771,21733,21665,21528
157,08,075,18640,00000,00000,1,A,Crook town,Colorado,110,110,110,109,109,108,108,108,107,107,108
157,08,075,26875,00000,00000,1,A,Fleming town,Colorado,408,408,409,405,403,402,403,408,406,406,404
157,08,075,38590,00000,00000,1,A,Iliff town,Colorado,266,266,266,264,263,263,266,266,264,262,263
157,08,075,50040,00000,00000,1,A,Merino town,Colorado,284,284,284,284,283,281,282,282,280,281,279
157,08,075,58235,00000,00000,1,A,Peetz town,Colorado,238,238,238,236,235,233,236,236,237,236,234
157,08,075,73935,00000,00000,1,A,Sterling city,Colorado,14777,14786,14095,13968,13767,13622,13840,13824,13798,13746,13630
157,08,075,99990,00000,00000,1,F,Balance of Logan County,Colorado,6626,6617,6631,6603,6601,6560,6613,6647,6641,6627,6610
050,08,077,00000,00000,00000,0,A,Mesa County,Colorado,146723,146717,146361,147285,147437,147313,147312,148227,149838,151406,153207
157,08,077,15605,00000,00000,1,A,Collbran town,Colorado,708,696,694,697,696,691,688,685,691,696,698
157,08,077,19355,00000,00000,1,A,De Beque town,Colorado,504,497,495,498,497,491,490,488,491,497,503
157,08,077,28745,00000,00000,1,A,Fruita city,Colorado,12646,12687,12645,12787,12829,12847,12939,12984,13119,13287,13406
157,08,077,31660,00000,00000,1,A,Grand Junction city,Colorado,58566,59034,58967,59611,59803,59968,59856,60595,61354,62222,63374
157,08,077,56970,00000,00000,1,A,Palisade town,Colorado,2692,2651,2643,2648,2669,2663,2654,2665,2684,2691,2714
157,08,077,99990,00000,00000,1,F,Balance of Mesa County,Colorado,71607,71152,70917,71044,70943,70653,70685,70810,71499,72013,72512
050,08,079,00000,00000,00000,0,A,Mineral County,Colorado,712,712,704,711,719,732,703,744,757,759,776
157,08,079,14765,00000,00000,1,A,City of Creede town,Colorado,290,290,286,288,290,298,285,304,310,310,317
157,08,079,99990,00000,00000,1,F,Balance of Mineral County,Colorado,422,422,418,423,429,434,418,440,447,449,459
050,08,081,00000,00000,00000,0,A,Moffat County,Colorado,13795,13791,13794,13421,13169,13124,12934,12938,13143,13095,13188
157,08,081,17760,00000,00000,1,A,Craig city,Colorado,9464,9461,9458,9197,9014,8972,8828,8817,8944,8897,8947
157,08,081,20495,00000,00000,1,A,Dinosaur town,Colorado,339,339,339,329,322,320,317,316,323,324,329
157,08,081,99990,00000,00000,1,F,Balance of Moffat County,Colorado,3992,3991,3997,3895,3833,3832,3789,3805,3876,3874,3912
050,08,083,00000,00000,00000,0,A,Montezuma County,Colorado,25535,25541,25577,25474,25475,25544,25516,25722,25999,26148,26158
157,08,083,17375,00000,00000,1,A,Cortez city,Colorado,8482,8492,8507,8489,8490,8521,8510,8554,8654,8712,8721
157,08,083,20770,00000,00000,1,A,Dolores town,Colorado,936,939,940,935,933,936,935,941,952,959,958
157,08,083,48115,00000,00000,1,A,Mancos town,Colorado,1336,1338,1341,1334,1337,1342,1349,1360,1405,1415,1419
157,08,083,99990,00000,00000,1,F,Balance of Montezuma County,Colorado,14781,14772,14789,14716,14715,14745,14722,14867,14988,15062,15060
050,08,085,00000,00000,00000,0,A,Montrose County,Colorado,41276,41277,41186,40972,40654,40555,40596,40576,41168,41785,42214
157,08,085,51745,00000,00000,1,A,Montrose city,Colorado,19132,19140,19109,19027,18880,18822,18815,18789,19033,19315,19512
157,08,085,53120,00000,00000,1,A,Naturita town,Colorado,546,546,544,539,534,531,531,529,534,538,541
157,08,085,54935,00000,00000,1,A,Nucla town,Colorado,711,711,710,705,702,698,703,701,706,717,717
157,08,085,55540,00000,00000,1,A,Olathe town,Colorado,1849,1842,1835,1818,1799,1789,1784,1776,1791,1807,1825
157,08,085,99990,00000,00000,1,F,Balance of Montrose County,Colorado,19038,19038,18988,18883,18739,18715,18763,18781,19104,19408,19619
050,08,087,00000,00000,00000,0,A,Morgan County,Colorado,28159,28159,28243,28453,28257,28236,28120,28237,28143,28228,28558
157,08,087,09555,00000,00000,1,A,Brush city,Colorado,5463,5471,5485,5516,5470,5451,5414,5420,5365,5365,5384
157,08,087,27810,00000,00000,1,A,Fort Morgan city,Colorado,11315,11362,11392,11483,11394,11363,11277,11296,11310,11318,11359
157,08,087,36610,00000,00000,1,A,Hillrose town,Colorado,264,252,253,254,252,253,251,252,251,251,254
157,08,087,45695,00000,00000,1,A,Log Lane Village town,Colorado,873,873,875,884,876,873,872,872,866,868,874
157,08,087,84770,00000,00000,1,A,Wiggins town,Colorado,893,895,898,908,901,897,891,894,887,890,996
157,08,087,99990,00000,00000,1,F,Balance of Morgan County,Colorado,9351,9306,9340,9408,9364,9399,9415,9503,9464,9536,9691
050,08,089,00000,00000,00000,0,A,Otero County,Colorado,18831,18833,18888,18867,18660,18481,18367,18210,18212,18403,18432
157,08,089,13460,00000,00000,1,A,Cheraw town,Colorado,252,254,254,254,251,251,249,247,247,250,250
157,08,089,27975,00000,00000,1,A,Fowler town,Colorado,1182,1182,1184,1182,1169,1156,1148,1138,1137,1142,1144
157,08,089,42110,00000,00000,1,A,La Junta city,Colorado,7077,7081,7119,7110,7031,6960,6916,6859,6857,6990,6998
157,08,089,48500,00000,00000,1,A,Manzanola town,Colorado,434,432,432,432,427,423,420,416,416,418,419
157,08,089,65190,00000,00000,1,A,Rocky Ford city,Colorado,3957,3960,3966,3959,3912,3873,3845,3811,3807,3824,3828
157,08,089,75970,00000,00000,1,A,Swink town,Colorado,617,617,618,617,610,604,600,594,594,595,596
157,08,089,99990,00000,00000,1,F,Balance of Otero County,Colorado,5312,5307,5315,5313,5260,5214,5189,5145,5154,5184,5197
050,08,091,00000,00000,00000,0,A,Ouray County,Colorado,4436,4442,4456,4423,4506,4552,4574,4607,4788,4809,4833
157,08,091,56420,00000,00000,1,A,Ouray city,Colorado,1000,1002,1006,994,1008,1012,999,986,1017,1016,1010
157,08,091,64200,00000,00000,1,A,Ridgway town,Colorado,924,892,894,885,901,907,916,933,975,989,1016
157,08,091,99990,00000,00000,1,F,Balance of Ouray County,Colorado,2512,2548,2556,2544,2597,2633,2659,2688,2796,2804,2807
050,08,093,00000,00000,00000,0,A,Park County,Colorado,16206,16204,16280,16055,16048,16184,16384,16736,17362,17920,18556
157,08,093,01530,00000,00000,1,A,Alma town,Colorado,270,274,275,272,272,275,279,284,294,304,312
157,08,093,25610,00000,00000,1,A,Fairplay town,Colorado,679,679,683,672,672,681,687,698,718,734,762
157,08,093,99990,00000,00000,1,F,Balance of Park County,Colorado,15257,15251,15322,15111,15104,15228,15418,15754,16350,16882,17482
050,08,095,00000,00000,00000,0,A,Phillips County,Colorado,4442,4442,4470,4400,4416,4385,4395,4329,4283,4297,4286
157,08,095,34960,00000,00000,1,A,Haxtun town,Colorado,946,946,951,939,944,933,936,923,914,916,907
157,08,095,37270,00000,00000,1,A,Holyoke city,Colorado,2313,2313,2328,2287,2293,2279,2278,2239,2209,2218,2217
157,08,095,57245,00000,00000,1,A,Paoli town,Colorado,34,34,34,34,34,33,33,33,33,33,35
157,08,095,99990,00000,00000,1,F,Balance of Phillips County,Colorado,1149,1149,1157,1140,1145,1140,1148,1134,1127,1130,1127
050,08,097,00000,00000,00000,0,A,Pitkin County,Colorado,17148,17149,17160,17175,17299,17469,17726,17948,17967,17952,17950
157,08,097,03620,00000,00000,1,A,Aspen city,Colorado,6658,6646,6648,6638,6680,6742,6871,7178,7405,7366,7365
157,08,097,04935,00000,00000,1,A,Basalt town (pt.),Colorado,931,928,928,926,930,937,944,930,914,969,964
157,08,097,71755,00000,00000,1,A,Snowmass Village town,Colorado,2826,2822,2822,2822,2843,2869,2894,2862,2794,2778,2773
157,08,097,99990,00000,00000,1,F,Balance of Pitkin County,Colorado,6733,6753,6762,6789,6846,6921,7017,6978,6854,6839,6848
050,08,099,00000,00000,00000,0,A,Prowers County,Colorado,12551,12551,12575,12529,12450,12345,12089,11971,11967,12071,12164
157,08,099,31550,00000,00000,1,A,Granada town,Colorado,517,517,517,515,511,508,497,491,490,496,500
157,08,099,34520,00000,00000,1,A,Hartman town,Colorado,81,76,76,76,75,74,73,74,73,74,75
157,08,099,37215,00000,00000,1,A,Holly town,Colorado,802,794,794,793,787,786,769,761,762,768,775
157,08,099,43110,00000,00000,1,A,Lamar city,Colorado,7804,7933,7959,7929,7875,7803,7636,7558,7551,7602,7656
157,08,099,85045,00000,00000,1,A,Wiley town,Colorado,405,405,405,403,402,398,389,385,384,390,393
157,08,099,99990,00000,00000,1,F,Balance of Prowers County,Colorado,2942,2826,2824,2813,2800,2776,2725,2702,2707,2741,2765
050,08,101,00000,00000,00000,0,A,Pueblo County,Colorado,159063,159063,159466,160248,160810,161145,161480,163111,164877,166426,167529
157,08,101,07795,00000,00000,1,A,Boone town,Colorado,339,339,339,342,343,343,344,349,353,357,362
157,08,101,62000,00000,00000,1,A,Pueblo city,Colorado,106595,106544,106834,107211,107556,107760,107921,109031,110173,111129,111750
157,08,101,66895,00000,00000,1,A,Rye town,Colorado,153,153,153,155,155,155,156,157,158,161,162
157,08,101,99990,00000,00000,1,F,Balance of Pueblo County,Colorado,51976,52027,52140,52540,52756,52887,53059,53574,54193,54779,55255
050,08,103,00000,00000,00000,0,A,Rio Blanco County,Colorado,6666,6673,6675,6782,6808,6747,6625,6503,6469,6394,6336
157,08,103,49875,00000,00000,1,A,Meeker town,Colorado,2475,2475,2452,2498,2469,2437,2394,2335,2316,2288,2261
157,08,103,62880,00000,00000,1,A,Rangely town,Colorado,2365,2367,2403,2407,2466,2453,2396,2356,2350,2317,2291
157,08,103,99990,00000,00000,1,F,Balance of Rio Blanco County,Colorado,1826,1831,1820,1877,1873,1857,1835,1812,1803,1789,1784
050,08,105,00000,00000,00000,0,A,Rio Grande County,Colorado,11982,11982,12023,11914,11867,11679,11508,11356,11337,11306,11250
157,08,105,12855,00000,00000,1,A,Center town (pt.),Colorado,218,218,219,216,214,210,206,203,202,199,199
157,08,105,19795,00000,00000,1,A,Del Norte town,Colorado,1686,1686,1691,1671,1659,1629,1602,1579,1577,1572,1563
157,08,105,51635,00000,00000,1,A,Monte Vista city,Colorado,4444,4442,4457,4409,4387,4312,4245,4182,4169,4155,4124
157,08,105,72395,00000,00000,1,A,South Fork town,Colorado,386,378,379,375,373,367,361,357,355,354,351
157,08,105,99990,00000,00000,1,F,Balance of Rio Grande County,Colorado,5248,5258,5277,5243,5234,5161,5094,5035,5034,5026,5013
050,08,107,00000,00000,00000,0,A,Routt County,Colorado,23509,23506,23448,23264,23285,23612,24083,24422,24787,25346,25733
157,08,107,35070,00000,00000,1,A,Hayden town,Colorado,1810,1806,1801,1786,1791,1820,1861,1881,1905,1944,1970
157,08,107,55155,00000,00000,1,A,Oak Creek town,Colorado,884,899,895,890,891,899,913,922,927,948,966
157,08,107,73825,00000,00000,1,A,Steamboat Springs city,Colorado,12088,12078,12056,11962,11949,12119,12363,12538,12736,13012,13212
157,08,107,86475,00000,00000,1,A,Yampa town,Colorado,429,428,426,424,424,431,438,441,447,460,464
157,08,107,99990,00000,00000,1,F,Balance of Routt County,Colorado,8298,8295,8270,8202,8230,8343,8508,8640,8772,8982,9121
050,08,109,00000,00000,00000,0,A,Saguache County,Colorado,6108,6108,6136,6187,6331,6242,6198,6251,6406,6643,6843
157,08,109,07571,00000,00000,1,A,Bonanza town,Colorado,16,16,16,16,17,17,17,17,17,18,19
157,08,109,12855,00000,00000,1,A,Center town (pt.),Colorado,2012,2022,2027,2028,2064,2021,1992,1994,2031,2082,2105
157,08,109,18420,00000,00000,1,A,Crestone town,Colorado,127,127,129,130,132,130,135,136,140,144,146
157,08,109,51250,00000,00000,1,A,Moffat town,Colorado,116,116,116,116,118,116,114,114,116,119,120
157,08,109,67005,00000,00000,1,A,Saguache town,Colorado,485,485,486,487,494,484,478,479,487,499,504
157,08,109,99990,00000,00000,1,F,Balance of Saguache County,Colorado,3352,3342,3362,3410,3506,3474,3462,3511,3615,3781,3949
050,08,111,00000,00000,00000,0,A,San Juan County,Colorado,699,699,708,690,692,691,711,688,689,711,762
157,08,111,70580,00000,00000,1,A,Silverton town,Colorado,637,637,645,629,630,629,648,626,627,647,694
157,08,111,99990,00000,00000,1,F,Balance of San Juan County,Colorado,62,62,63,61,62,62,63,62,62,64,68
050,08,113,00000,00000,00000,0,A,San Miguel County,Colorado,7359,7359,7357,7486,7581,7622,7740,7840,8023,8047,8191
157,08,113,52550,00000,00000,1,A,Mountain Village town,Colorado,1320,1317,1314,1337,1355,1362,1392,1392,1420,1419,1434
157,08,113,54880,00000,00000,1,A,Norwood town,Colorado,518,526,527,535,541,543,556,562,574,579,591
157,08,113,55870,00000,00000,1,A,Ophir town,Colorado,159,161,161,163,165,166,168,168,170,173,179
157,08,113,68655,00000,00000,1,A,Sawpit town,Colorado,40,34,34,34,35,35,35,35,38,38,39
157,08,113,76795,00000,00000,1,A,Telluride town,Colorado,2325,2229,2230,2282,2312,2330,2363,2382,2441,2446,2484
157,08,113,99990,00000,00000,1,F,Balance of San Miguel County,Colorado,2997,3092,3091,3135,3173,3186,3226,3301,3380,3392,3464
050,08,115,00000,00000,00000,0,A,Sedgwick County,Colorado,2379,2382,2371,2371,2377,2339,2333,2375,2405,2334,2303
157,08,115,39965,00000,00000,1,A,Julesburg town,Colorado,1225,1225,1219,1219,1223,1201,1198,1219,1234,1194,1180
157,08,115,56475,00000,00000,1,A,Ovid town,Colorado,318,318,317,317,317,314,312,317,321,313,308
157,08,115,68930,00000,00000,1,A,Sedgwick town,Colorado,146,146,145,145,146,143,142,145,147,142,140
157,08,115,99990,00000,00000,1,F,Balance of Sedgwick County,Colorado,690,693,690,690,691,681,681,694,703,685,675
050,08,117,00000,00000,00000,0,A,Summit County,Colorado,27994,27994,28077,28046,28307,28738,29330,30126,30676,31004,31007
157,08,117,07410,00000,00000,1,A,Blue River town,Colorado,849,849,851,851,862,871,883,903,921,930,927
157,08,117,08400,00000,00000,1,A,Breckenridge town,Colorado,4540,4560,4572,4569,4623,4697,4773,4912,4983,4992,5020
157,08,117,20440,00000,00000,1,A,Dillon town,Colorado,904,908,910,908,914,926,937,959,974,979,973
157,08,117,28690,00000,00000,1,A,Frisco town,Colorado,2683,2685,2697,2714,2756,2825,2902,3016,3109,3171,3157
157,08,117,51690,00000,00000,1,A,Montezuma town,Colorado,65,63,63,63,63,64,65,67,68,68,68
157,08,117,70525,00000,00000,1,A,Silverthorne town,Colorado,3887,3901,3918,3924,3968,4050,4273,4410,4564,4718,4821
157,08,117,99990,00000,00000,1,F,Balance of Summit County,Colorado,15066,15028,15066,15017,15121,15305,15497,15859,16057,16146,16041
050,08,119,00000,00000,00000,0,A,Teller County,Colorado,23350,23359,23469,23366,23442,23354,23430,23377,24036,24638,25083
157,08,119,18530,00000,00000,1,A,Cripple Creek city,Colorado,1189,1234,1239,1232,1234,1223,1222,1206,1235,1254,1267
157,08,119,32650,00000,00000,1,A,Green Mountain Falls town (pt.),Colorado,28,30,30,30,31,30,30,30,31,32,32
157,08,119,80865,00000,00000,1,A,Victor city,Colorado,397,408,410,407,406,403,403,397,405,411,415
157,08,119,86090,00000,00000,1,A,Woodland Park city,Colorado,7200,7161,7195,7146,7151,7108,7105,7183,7370,7637,7785
157,08,119,99990,00000,00000,1,F,Balance of Teller County,Colorado,14536,14526,14595,14551,14620,14590,14670,14561,14995,15304,15584
050,08,121,00000,00000,00000,0,A,Washington County,Colorado,4814,4812,4821,4762,4700,4742,4732,4786,4836,4936,4909
157,08,121,00925,00000,00000,1,A,Akron town,Colorado,1702,1702,1705,1685,1664,1677,1671,1688,1704,1734,1723
157,08,121,56365,00000,00000,1,A,Otis town,Colorado,475,473,474,468,462,466,464,471,476,487,485
157,08,121,99990,00000,00000,1,F,Balance of Washington County,Colorado,2637,2637,2642,2609,2574,2599,2597,2627,2656,2715,2701
050,08,123,00000,00000,00000,0,A,Weld County,Colorado,252825,252847,254198,258783,264058,270126,276037,285033,294965,305274,314305
157,08,123,03950,00000,00000,1,A,Ault town,Colorado,1519,1532,1538,1554,1574,1597,1628,1654,1718,1786,1843
157,08,123,06255,00000,00000,1,A,Berthoud town (pt.),Colorado,63,64,64,65,66,66,125,129,172,176,208
157,08,123,08675,00000,00000,1,A,Brighton city (pt.),Colorado,343,769,772,787,796,809,818,835,880,904,906
157,08,123,19080,00000,00000,1,A,Dacono city,Colorado,4152,4151,4180,4283,4366,4440,4606,4884,5290,5595,5826
157,08,123,22860,00000,00000,1,A,Eaton town,Colorado,4365,4377,4396,4460,4538,4643,4817,4950,5109,5282,5529
157,08,123,24950,00000,00000,1,A,Erie town (pt.),Colorado,9787,9799,9874,10241,10622,11022,11449,11901,12664,13623,14256
157,08,123,25280,00000,00000,1,A,Evans city,Colorado,18537,18537,18646,18959,19432,19698,19649,20081,20359,20697,21236
157,08,123,26600,00000,00000,1,A,Firestone town,Colorado,10147,10209,10309,10668,10958,11244,11606,12092,13030,13974,14860
157,08,123,27700,00000,00000,1,A,Fort Lupton city,Colorado,7377,7400,7428,7505,7595,7669,7772,7845,7953,8249,8275
157,08,123,28360,00000,00000,1,A,Frederick town,Colorado,8679,8659,8709,8951,9375,10139,10875,11391,12164,12827,13480
157,08,123,29185,00000,00000,1,A,Garden City town,Colorado,234,250,251,254,256,259,262,264,266,268,265
157,08,123,29955,00000,00000,1,A,Gilcrest town,Colorado,1034,1034,1038,1046,1061,1073,1085,1090,1098,1107,1108
157,08,123,32155,00000,00000,1,A,Greeley city,Colorado,92889,92945,93264,94393,95339,96594,98649,101607,104575,106639,107348
157,08,123,33310,00000,00000,1,A,Grover town,Colorado,137,139,140,141,143,144,146,149,153,154,153
157,08,123,37820,00000,00000,1,A,Hudson town,Colorado,2356,2354,2360,2375,2531,2550,1567,1580,1588,1660,1838
157,08,123,39855,00000,00000,1,A,Johnstown town (pt.),Colorado,9350,9341,9437,9670,10069,10738,11545,12078,12369,12561,12665
157,08,123,40185,00000,00000,1,A,Keenesburg town,Colorado,1127,1124,1128,1142,1160,1179,1189,1199,1207,1224,1229
157,08,123,40515,00000,00000,1,A,Kersey town,Colorado,1454,1471,1477,1492,1518,1555,1578,1602,1619,1643,1655
157,08,123,43605,00000,00000,1,A,La Salle town,Colorado,1955,1957,1965,1985,2005,2031,2054,2067,2142,2351,2346
157,08,123,45530,00000,00000,1,A,Lochbuie town (pt.),Colorado,4724,4724,4809,5093,5232,5311,5419,5552,5878,6422,6936
157,08,123,45970,00000,00000,1,A,Longmont city (pt.),Colorado,30,43,43,201,203,205,207,209,209,210,589
157,08,123,49600,00000,00000,1,A,Mead town,Colorado,3405,3453,3486,3567,3792,3989,4114,4498,4579,4643,4737
157,08,123,50480,00000,00000,1,A,Milliken town,Colorado,5610,5611,5635,5708,5783,5899,6070,6378,6662,7090,7674
157,08,123,54330,00000,00000,1,A,Northglenn city (pt.),Colorado,12,20,20,20,20,21,21,21,20,20,20
157,08,123,55045,00000,00000,1,A,Nunn town,Colorado,416,418,420,424,429,438,445,449,454,461,463
157,08,123,59005,00000,00000,1,A,Pierce town,Colorado,834,830,833,842,852,861,871,878,1070,1126,1132
157,08,123,60160,00000,00000,1,A,Platteville town,Colorado,2485,2487,2499,2528,2562,2592,2627,2653,2758,2777,2769
157,08,123,63045,00000,00000,1,A,Raymer (New Raymer) town,Colorado,96,98,98,99,101,104,105,107,108,111,110
157,08,123,69150,00000,00000,1,A,Severance town,Colorado,3165,3187,3227,3307,3387,3459,3593,3800,4101,4335,5064
157,08,123,77290,00000,00000,1,A,Thornton city (pt.),Colorado,0,0,0,0,0,0,0,0,0,0,0
157,08,123,77510,00000,00000,1,A,Timnath town (pt.),Colorado,A,2,2,2,2,2,2,2,2,2,2
157,08,123,85485,00000,00000,1,A,Windsor town (pt.),Colorado,14070,14095,14194,14532,15124,15951,16555,17012,17757,19573,21688
157,08,123,99990,00000,00000,1,F,Balance of Weld County,Colorado,42473,41767,41956,42489,43167,43844,44588,46076,47011,47784,48095
050,08,125,00000,00000,00000,0,A,Yuma County,Colorado,10043,10043,10049,10134,10103,10135,10182,10050,10080,10015,10020
157,08,125,23025,00000,00000,1,A,Eckley town,Colorado,257,257,257,259,257,260,260,256,256,256,258
157,08,125,86310,00000,00000,1,A,Wray city,Colorado,2342,2358,2359,2374,2366,2369,2382,2351,2350,2335,2334
157,08,125,86750,00000,00000,1,A,Yuma city,Colorado,3524,3523,3525,3545,3527,3532,3540,3482,3490,3464,3460
157,08,125,99990,00000,00000,1,F,Balance of Yuma County,Colorado,3920,3905,3908,3956,3953,3974,4000,3961,3984,3960,3968
